{
	"format_version": "1.8.0",
	"animations": {
		"idle": {
			"loop": true,
			"animation_length": 2,
			"bones": {
				"tent": {
					"rotation": {
						"0.0": [0, 0, 0],
						"1.0": [5, 0, 5],
						"2.0": [0, 0, 0]
					}
				},
				"tent_t": {
					"rotation": {
						"0.0": [0, 0, 0],
						"1.0": [-21.65706, -14.08649, -23.45922],
						"2.0": [0, 0, 0]
					}
				},
				"tent_b": {
					"rotation": {
						"0.0": [0, 0, 0],
						"1.0": [-5, 0, -5],
						"2.0": [0, 0, 0]
					}
				},
				"tent2": {
					"rotation": {
						"0.0": [0, 0, 0],
						"1.0": [5, 0, -5],
						"2.0": [0, 0, 0]
					}
				},
				"tent_t2": {
					"rotation": {
						"0.0": [0, 0, 0],
						"1.0": [-14.17065, -8.09944, -14.64973],
						"2.0": [0, 0, 0]
					}
				},
				"tent_b2": {
					"rotation": {
						"0.0": [0, 0, 0],
						"1.0": [-5, 0, -5],
						"2.0": [0, 0, 0]
					}
				},
				"tent3": {
					"rotation": {
						"0.0": [0, 0, 0],
						"1.0": [5, 5, 0],
						"2.0": [0, 0, 0]
					}
				},
				"tent_t3": {
					"rotation": {
						"0.0": [0, 0, 0],
						"1.0": [-22.18682, -10.45858, -21.73199],
						"2.0": [0, 0, 0]
					}
				},
				"tent_b3": {
					"rotation": {
						"0.0": [0, 0, 0],
						"1.0": [-5, 0, -5],
						"2.0": [0, 0, 0]
					}
				},
				"tent4": {
					"rotation": {
						"0.0": [0, 0, 0],
						"1.0": [5, 5, 0],
						"2.0": [0, 0, 0]
					}
				},
				"tent_t4": {
					"rotation": {
						"0.0": [0, 0, 0],
						"1.0": [-21.79501, -12.37458, -20.53593],
						"2.0": [0, 0, 0]
					}
				},
				"tent_b4": {
					"rotation": {
						"0.0": [0, 0, 0],
						"1.0": [-5, 0, -5],
						"2.0": [0, 0, 0]
					}
				}
			}
		},
		"work": {
			"loop": true,
			"animation_length": 4,
			"bones": {
				"tent": {
					"rotation": {
						"0.0": [0, 0, 0],
						"0.75": [-10, 0, -10],
						"2.0": [0, 0, 0],
						"3.0": [5, 0, 5],
						"4.0": [0, 0, 0]
					}
				},
				"tent_t": {
					"rotation": {
						"0.0": [0, 0, 0],
						"0.75": [-40, -30, -40],
						"2.0": [0, 0, 0]
					}
				},
				"tent_b": {
					"rotation": {
						"0.0": [0, 0, 0],
						"0.75": [-5, 0, -5],
						"2.0": [0, 0, 0]
					}
				},
				"tent2": {
					"rotation": {
						"0.0": [0, 0, 0],
						"0.75": [-10, 0, 10],
						"2.0": [0, 0, 0],
						"3.0": [5, 0, -5],
						"4.0": [0, 0, 0]
					}
				},
				"tent_t2": {
					"rotation": {
						"0.0": [0, 0, 0],
						"0.75": [-40, -30, -40],
						"2.0": [0, 0, 0]
					}
				},
				"tent_b2": {
					"rotation": {
						"0.0": [0, 0, 0],
						"0.75": [-5, 0, -5],
						"2.0": [0, 0, 0]
					}
				},
				"tent3": {
					"rotation": {
						"0.0": [0, 0, 0],
						"1.0": [5, 5, 0],
						"2.0": [0, 0, 0],
						"2.75": [-30, -10, 20],
						"4.0": [0, 0, 0]
					}
				},
				"tent_t3": {
					"rotation": {
						"0.0": [0, 0, 0],
						"1.0": [-19.98567, -7.57582, -17.74147],
						"2.0": [0, 0, 0],
						"2.75": [-35, -30, -40],
						"4.0": [0, 0, 0]
					}
				},
				"tent_b3": {
					"rotation": {
						"0.0": [0, 0, 0],
						"1.0": [-5, 0, -5],
						"2.0": [0, 0, 0],
						"2.75": [-5, 0, -5],
						"4.0": [0, 0, 0]
					}
				},
				"tent4": {
					"rotation": {
						"0.0": [0, 0, 0],
						"1.0": [5, 5, 0],
						"2.0": [0, 0, 0],
						"2.75": [-40, -10, -30],
						"4.0": [0, 0, 0]
					}
				},
				"tent_t4": {
					"rotation": {
						"0.0": [0, 0, 0],
						"1.0": [-17.48828, -12.98203, -17.13056],
						"2.0": [0, 0, 0],
						"2.75": [-35, -30, -40],
						"4.0": [0, 0, 0]
					}
				},
				"tent_b4": {
					"rotation": {
						"0.0": [0, 0, 0],
						"1.0": [-5, 0, -5],
						"2.0": [0, 0, 0],
						"2.75": [-5, 0, -5],
						"4.0": [0, 0, 0]
					}
				}
			}
		}
	}
}